"–ù–µ —Ñ–ª—É–¥–∏–ª–∫–∞, –∞ —Ç–µ–ª–µ–ø—Ä–æ–≥—Ä–∞–º–º–∞ ""–ñ–¥–∏ –º–µ–Ω—è"" –∫–∞–∫–∞—è-—Ç–æ))"
–ì–º—ã—Ä–∏–Ω —è
"–ø—Ä–∏–≤–µ—Ç, —É –Ω–∞—Å –ø–æ–ø–æ–ª–Ω–µ–Ω–∏–µ"
"–í—Å–µ–º –ø—Ä–∏–≤–µ—Ç. –§–µ–π–ª–µ—Ä –∏ –¢—É–ª—è–∫–æ–≤, –Ω–∞–ø–∏—à–∏—Ç–µ –≤ –ª—Å –ø–∂–ª—Å—Ç–∞."
–∞ –≤ —Å–ª–∞–∫–µ —Å–º–æ—Ç—Ä–µ–ª–∏?
"–ú—ã —Ç–æ–∂–µ –∏—â–µ–º: 
–í–µ–¥–µ—Ä–Ω–∏–∫–æ–≤ –ù. –ê.
–ì–º—ã—Ä–∏–Ω –í.
–ö–∏—Å–µ–ª–µ–≤ –ü.
–°–∞–Ω–∫–æ–≤—Å–∫–∏–π –û."
"–ò—â—É —É—á–∞—Å—Ç–Ω–∏–∫–æ–≤ —Å–≤–æ–µ–π –≥—Ä—É–ø–ø—ã: –õ–∏—Ö–∞—á–µ–≤, –Æ–∂–∞–∫–æ–≤, –ö–∞—Ä–ø–æ–≤, –ö–∞–º–∞–ª—Ç–¥–∏–Ω–æ–≤, –ó–≤–∏–∞–¥–∏, –ú–∞–ª—å—Ü–µ–≤. –ü–æ —Ñ–∞–º–∏–ª–∏–∏ –ø–æ–∏—Å–∫ –Ω–µ –¥–∞–ª —Ä–µ–∑—É–ª—å—Ç–∞—Ç–æ–≤. –î–ª—è —Å–æ–∑–¥–∞–Ω–∏—è –æ—Ç–¥–µ–ª—å–Ω–æ–≥–æ —á–∞—Ç–∞ –ø–æ –æ–±—Å—É–∂–¥–µ–Ω–∏—é"
–°–ø–∞—Å–∏–±–æ
"–ù–∏—á–µ–≥–æ –Ω–µ–ø–æ–Ω—è—Ç–Ω–æ, –Ω–æ –æ—á–µ–Ω—å –∏–Ω–µ—Ç–µ—Ä–µ—Å–Ω–æ"
–†–∞–¥–æ–≤–∞—Ç—å—Å—è üòÇ
–≠—Ç–æ –Ω–∞—Å—É—â–∏–µ –ø—Ä–æ–±–ª–µ–º—ã –Ω–∞ –∞–Ω–≥–ª–∏–π—Å–∫–æ–º —Å–≤–æ–¥—è—Ç —Å —É–º–∞
"–í–æ–ø—Ä–æ—Å —Ç–∞–∫–æ–π, —á—Ç–æ –¥–µ–ª–∞—Ç—å –µ—Å–ª–∏ –º–µ–Ω—è –¥–∞–∂–µ –≤ –ø–ª–∞–Ω–∞—Ö –Ω–µ –±—ã–ª–æ –≤ —ç–∫–æ–Ω–æ–º–∏—á–µ—Å–∫–∏–π –∫—Ä–∏–∑–∏—Å 97-98‚Ä¶"
""
""
–¥–æ 23
–ê —Å–∫–æ–ª—å–∫–æ –æ–Ω –±—É–¥–µ—Ç –¥–ª–∏—Ç—Å—è?
–ø–æ—Å–ª–µ–∑–∞–≤—Ç—Ä–∞
–ø–æ—Å–ª–µ–∑–∞–≤—Ç—Ä–∞
–ó–∞–≤—Ç—Ä–∞ –∂–µ —á–µ—Ç–≤–µ—Ä–≥
–ø–æ—Å–ª–µ–∑–∞–≤—Ç—Ä–∞ –æ—Ç–∫—Ä—ã—Ç–∏–µ —Ö–∞—Ö–∞—Ç–æ–Ω–∞üòÑ
"—Å–ø–∞—Å–∏–±–æ —á—Ç–æ –Ω–∞–ø–∏—Å–∞–ª–∏, –≤–æ–æ–±—â–µ –∏–∑ –≥–æ–ª–æ–≤—ã –≤—ã–ª–µ—Ç–µ–ª–æ"
–µ—â–µ —Ä–∞–±–æ—Ç–∞ –∏ –ø–æ–¥–≥–æ—Ç–æ–≤–∫–∞ —Å —Å—É–±–±–æ—Ç–Ω–µ–º—É –∑–∞—á–µ—Ç—É
"–ù—É –¥–æ—Å—Ç–∞—Ç–æ—á–Ω–æ –∂ –¥–≤–∞ –ø–æ—Å–µ—Ç–∏—Ç—å, –≤–æ—Ç –≤—Å–µ –∏ –∑–∞–±–∏–ª–∏)"
"–ß—Ç–æ-—Ç–æ –º–∞–ª–æ –Ω–∞—Ä–æ–¥—É –Ω–∞ –∞–Ω–≥–ª–∏–π—Å–∫–æ–º... –ï—Å–ª–∏ –∫—Ç–æ –Ω–µ –≤ –∫—É—Ä—Å–µ, —Å–µ–≥–æ–¥–Ω—è –ø–æ—Å–ª–µ–¥–Ω–µ–µ –∑–∞–Ω—è—Ç–∏–µ —É —Ç–µ—Ö, –∫—Ç–æ –æ–±—ã—á–Ω–æ –ø–æ –ø—Ç."
""
"–°–µ—Ä—å—ë–∑–Ω—ã–π –ø–∞—Ä–µ–Ω—å, —Å–ª–æ–≤ –Ω–∞ –≤–µ—Ç–µ—Ä –Ω–µ –±—Ä–æ—Å–∞–µ—Ç üòÑ"
"–ú–æ–∂–µ—Ç –í–ª–∞–¥–∏—Å–ª–∞–≤, –∫–∞–∫ –∏ –æ–±–µ—â–∞–ª?:D"
–ê –∫—Ç–æ –¥–æ–∑–∞–ø–æ–ª–Ω–∏–ª —Ç–∞–±–ª–∏—Ü—É –Ω–∞ —Ö–∞–∫–∞—Ç–æ–Ω? –¢–∞–º –≤—Å–µ –∫–æ–º–∞–Ω–¥—ã –ø–æ–¥ –∑–∞–≤—è–∑–∫—É —Å–µ–π—á–∞—Å
—Å–ø–∞—Å–∏–±–æ üòä
–ø—Ä–∏–Ω—è–ª–∏
"@z6129 –∏ –≤—Å—ë –û–ö, –ø—Ä–∏–Ω—è–ª–∏?"
"–¥–∞, –ø–æ –∫—Ä–∞–π–Ω–µ–π –º–µ—Ä–µ, —è —Ç–∞–∫ –¥–µ–ª–∞–ª. –¢–æ–ª—å–∫–æ –º–∞–∫—Å–∏–º–∞–ª—å–Ω–æ –º–µ–Ω—è–ª, –¥–∞–∂–µ —Å–ª—É—á–∞–π–Ω–æ–µ —á–∏—Å–ª–æ"
"–¥–æ–±—Ä–æ–≥–æ –≤–µ—á–µ—Ä–∞. –∫—Ç–æ —Å–¥–µ–ª–∞–ª 2–î–ó –ø–æ –ú–û–ú–û? –º–æ–∂–µ—Ç–µ –ø–æ—è—Å–Ω–∏—Ç—å –ø–æ —Å–∏–Ω—Ç–µ—Ç–∏–∫–µ.  –Ω—É–∂–Ω–æ –≤–∑—è—Ç—å —Ç–æ —á—Ç–æ –≤ –ø—Ä–∏–º–µ—Ä–µ –∏ –∑–∞–º–µ–Ω–∏—Ç—å –¥–∞–Ω–Ω—ã–µ, –Ω–∞–ø—Ä–∏–º–µ—Ä –∫–æ–ª–∏—á–µ—Å—Ç–≤–æ —Ç–æ—á–µ–∫, —à—É–º?"
"–î–∞, —Ç–∞–º —Ö–æ—Ä–æ—à–µ–µ –ø–æ—è—Å–Ω–µ–Ω–∏–µ, –µ—â—ë –Ω–∞ –ª–µ–∫—Ü–∏–∏ –ø–æ—è—Å–Ω—è–ª"
—Å–ø–∞—Å–∏–±–æ!
–≤ slack –µ—Å—Ç—å —Ä–∞–∑—ä—è—Å–Ω–µ–Ω–∏–µ –æ—Ç —Å–∞–º–æ–≥–æ –ø—Ä–µ–ø–æ–¥–∞–≤–∞—Ç–µ–ª—è
"–µ—Å–ª–∏ –ø–æ–∏—Å–∫–∞—Ç—å –≤ —á–∞—Ç–µ, —Ç–æ —É–∂–µ –±—ã–ª–æ –ø–æ—è—Å–Ω–µ–Ω–∏–µ"
"–î–æ–±—Ä—ã–π –¥–µ–Ω—å! –ü–æ–º–æ–≥–∏—Ç–µ —Ä–∞–∑–æ–±—Ä–∞—Ç—å—Å—è —Å –∑–∞–¥–∞–Ω–∏–µ–º 4 –ú–û–ú–û. –ú–µ—Ç–æ–¥ –≥–ª–∞–≤–Ω—ã—Ö –∫–æ–º–ø–æ–Ω–µ–Ω—Ç.  –í –ø—Ä–æ—Å—Ç—Ä–∞–Ω—Å—Ç–≤–µ –≥–ª–∞–≤–Ω—ã—Ö –∫–æ–º–ø–æ–Ω–µ–Ω—Ç –¥–ª—è –¥–∞–Ω–Ω—ã—Ö MNIST –æ–ø—Ä–µ–¥–µ–ª–∏—Ç–µ, –∫–∞–∫–∏–º —Ü–∏—Ñ—Ä–∞–º —Å–æ–æ—Ç–≤–µ—Ç—Å—Ç–≤—É—é—Ç —Ç–æ—á–∫–∏ —Å–æ —Å–ª–µ–¥—É—é—â–∏–º–∏ –∫–æ–æ—Ä–¥–∏–Ω–∞—Ç–∞–º–∏:
PCA-1 -7; PCA-2 0; 
PCA-1 4; PCA-4 1;
 PCA-3 0; PCA-4 5;
PCA-3 -4; PCA-2 -3.. –ö–∞–∫ –æ–ø—Ä–µ–¥–µ–ª–∏—Ç—å ?"
""
–ù–µ –∑–Ω–∞—é –∫–∞–∫ –ø–æ–¥–æ–≥–Ω–∞—Ç—å –ø–æ–¥ —Ä–µ—à–µ–Ω–∏–µ https://stats.stackexchange.com/questions/316485/what-is-the-probability-that-a-best-of-seven-series-goes-to-the-seventh-game-wit
"–Ω—É –±—É–¥–µ—Ç 0.31, —ç—Ç–æ –ø–æ–Ω—è—Ç–Ω–æ. –ù–æ –ø–æ–∫–∞ —Ç–æ–ª—å–∫–æ –Ω–∞–ø–∏—Å–∞—Ç—å –≤—Å–µ –≤–æ–∑–º–æ–∂–Ω—ã–µ –∫–æ–º–±–∏–Ω–∞—Ü–∏–∏ –ø–æ–ª—É—á–∏–ª–æ—Å—å, —á—Ç–æ–±—ã 20 –≤—ã—à–ª–æ, –∞ –µ—Å–ª–∏ –≤–æ–ø—Ä–æ—Å –±—É–¥–µ—Ç —Å—Ç–æ—è—Ç—å –ø—Ä–æ 100–∏–≥—Ä"
"–£ –Ω–∞—Å 6 —Å–≤–µ—Ä—Ö—É, –∞ —Ç—Ä–∏ —Å–Ω–∏–∑—É"
–∞ –∫—Ç–æ –ø–æ–¥—Å–∫–∞–∂–µ—Ç –ø—Ä–æ –∑–∞–¥–∞—á—É —Å 7 –∏–≥—Ä–∞–º–∏: –∫–∞–∫ –∏–∑ –°(3/6) –ø–æ–ª—É—á–∞–µ—Ç—Å—è 20?
–°–ø–∞—Å–∏–±–æ! üëç
"–¥–∞, –≤—ã—à–µ –≤ —á–∞—Ç–µ —ç—Ç–æ –æ–±—Å—É–∂–¥–∞–ª–∏"
—ç—Ç–æ
–°–ø–∞—Å–∏–±–æ!
–¢–æ —á—Ç–æ –∂–µ–ª—Ç—ã–µ?
"–ø—Ä–∏–≤–µ—Ç. —ç—Ç–æ –∑–∞–¥–∞—á–∏, —á—Ç–æ –¥–∞–≤–∞–ª –ø—Ä–µ–ø–æ–¥–∞–≤–∞—Ç–µ–ª—å,  —Å —Ä–µ—à–µ–Ω–∏–µ–º."
–ê –≥–¥–µ –º–æ–∂–Ω–æ –Ω–∞–π—Ç–∏ –ø—Ä–∏–º–µ—Ä—ã –∑–∞–¥–∞—á? –ü–æ–¥—Å–∫–∞–∂–∏—Ç–µ –ø–æ–∂–∞–ª—É–π—Å—Ç–∞)
–ü—Ä–∏–≤–µ—Ç! –≠—Ç–æ –ø—Ä–∏–º–µ—Ä—ã –∑–∞–¥–∞—á –ø–æ –ú–û–ê–î?
"–í–æ—Ç –º–æ–∂–µ—Ç–µ –ø–æ—Ç—ã–∫–∞—Ç—å —Å–∞–º–∏, —Ç–∞–º –º–æ–∂–Ω–æ –º–Ω–æ–≥–æ –∫–ª–∞—Å—Å–Ω—ã—Ö –∫–∞—Ä—Ç–∏–Ω–æ–∫ –Ω–∞–¥–µ–ª–∞—Ç—å :)"
"—Ç–∞–∫-—Ç–æ —Ö–æ—Ä–æ—à–æ –ø–æ–ª—É—á–∏–ª–æ—Å—å –∏ –≤—ã–≥–ª—è–¥–∏—Ç —Å–ª–æ–∂–Ω–æ, —è –± –Ω–µ –≤–∑—è–ª—Å—è"
"–î–∞ –Ω–µ, –ø—Ä–æ—Å—Ç–æ –±–∞–ª–æ–≤–∞–ª—Å—è –Ω–µ–º–Ω–æ–∂–∫–æ
–•–æ—Ç–µ–ª –ø–æ–ª—É—á—à–µ —Ä–∞–∑–æ–±—Ä–∞—Ç—å—Å—è —Å —Ä–∞—Å–ø—Ä–µ–¥–µ–ª–µ–Ω–∏—è–º–∏, –≤–æ—Ç –Ω–∞–∫–æ–¥–∏–ª –¥–ª—è –ª—É—á—à–µ–≥–æ –ø–æ–Ω–∏–º–∞–Ω–∏—è"
–∞ —ç—Ç–æ –¥–∑ –∏–ª–∏ —á—Ç–æ-—Ç–æ –¥—Ä—É–≥–æ–µ?
"–í–∏–∑—É–∞–ª–∏–∑–∏—Ä–æ–≤–∞–ª –≤–æ—Ç —ç—Ç—É —Ç–∞–±–ª–∏—á–∫—É –¥–ª—è 99 —Å–ª—É—á–∞–µ–≤ —Å —Ä–∞–∑–Ω—ã–º–∏ p, –æ—Ç 0.01 –¥–æ 0.99 :)"
"–ê —Å–ø–∞—Å–∏–±–æ, –ø–æ–Ω—è–ª"
–∏ —Ç—É—Ç –≤–µ–∑–¥–µ –ø–æ 100 –∏—Å–ø—ã—Ç–∞–Ω–∏–π :)
"–Ω—É —Å–ø—Ä–∞–≤–∞ 0.99, —Å–æ–æ—Ç–≤–µ—Ç—Å—Ç–≤–µ–Ω–Ω–æ"
"–ù–µ—Ç, —ç—Ç–æ p=0.01"
–õ–µ–≤—ã–π —É—Å: –≤ –æ–¥–Ω–æ–º —Å–ª—É—á–∞–µ?
–≤–æ—Ç 9 —à—Ç—É–∫
"–û–Ω–æ –∏ –≤—ã–≥–ª—è–¥–∏—Ç —Ç–∞–∫, —Ç–∞–º –∏—Ö –ø—Ä–æ—Å—Ç–æ 99 —à—Ç—É–∫ –Ω–∞–ª–æ–∂–µ–Ω–æ –¥—Ä—É–≥ –Ω–∞ –¥—Ä—É–≥–∞"
–û–Ω–æ –∂–µ –∫–∞–∫ –∫–æ–ª–æ–∫–æ–ª –¥–æ–ª–∂–Ω–æ –≤—ã–≥–ª—è–¥–µ—Ç—å –Ω–µ?
"A —Ç–æ—Ä—á–∞—â–∏–µ –≤–≤–µ—Ä—Ö —É—Å—ã –≤ –Ω—É–ª–µ –∏ 100, —á—Ç–æ —ç—Ç–æ —Ç–∞–∫–æ–µ?"
–ö–∞–∫–∏–µ –ø–ª–æ—Ç–Ω–æ—Å—Ç–∏ –≤–µ—Ä–æ—è—Ç–Ω–æ—Å—Ç–∏ —É –ë–∏–Ω–æ–º–∏–∞–ª—å–Ω–æ–≥–æ —Ä–∞—Å–ø—Ä–µ–¥–µ–ª–µ–Ω–∏—è?
""
"–ù–µ–º–Ω–æ–≥–æ –∫—Ä–∞—Å–æ—Ç—ã –≤–∞–º :)
–ù–∞—Ä–∏—Å–æ–≤–∞–ª —Ç—É—Ç 99 –ø–ª–æ—Ç–Ω–æ—Å—Ç–µ–π –≤–µ—Ä–æ—è—Ç–Ω–æ—Å—Ç–∏ –¥–ª—è –±–∏–Ω–æ–º–∏–∞–ª—å–Ω–æ–≥–æ —Ä–∞—Å–ø—Ä–µ–¥–µ–ª–µ–Ω–∏—è —Å —Ä–∞–∑–Ω–æ–π –≤–µ—Ä–æ—è—Ç–Ω–æ—Å—Ç—å—é —Å–ª—É—á–∞–π–Ω–æ–≥–æ —Å–æ–±—ã—Ç–∏—è p (–æ—Ç 0.01 –¥–æ 0.99), n = 100.

–ü–æ–ª—É—á–∏–ª–æ—Å—å –ø—Ä–∏–∫–æ–ª—å–Ω–µ–Ω—å–∫–æ ‚ò∫Ô∏è"
–°–æ–≥–ª–∞—Å–Ω–æ —Ä–∞—Å–ø–∏—Å–∞–Ω–∏—è –Ω–∞ –ø–ª–∞—Ç—Ñ–æ—Ä–º–µ
–ü–æ–∫–∞ –Ω–µ –ø–æ–Ω—è—Ç–Ω–æ
"—á—Ç–æ-—Ç–æ –ø—Ä–æ–∏—Å—Ö–æ–¥–∏—Ç, –ø–µ—Ä–µ–æ–¥–∏—á–µ—Å–∫–∏ –ª—é–¥–∏ –Ω–∞–∑—ã–≤–∞—Ç—å –Ω–∞—á–∏–Ω–∞—é—Ç —Ä–∞–∑–Ω—ã–µ –¥–∞—Ç—ã)"
–∞–Ω–≥–ª–∏–π—Å–∫–∏–π —É –Ω–∞—á–∏–Ω–∞—é—â–µ–π –≥—Ä—É–ø–ø—ã  https://us02web.zoom.us/j/84395267458?pwd=USt4M1hScUE4WGRncUs4SDF1dFB3UT09
https://docs.google.com/spreadsheets/d/1HANFbsGfQVNgvlR9p1KkTMWM_BVylweSK5k2UsjWL5I/edit#gid=0
"–ù–∞—Ä–æ–¥, —É –∫–æ–≥–æ —Å—Å—ã–ª–∫–∞ –ø–æ–¥ —Ä—É–∫–æ–π –µ—Å—Ç—å –∫—É–¥–∞ –∑–∞–≥—Ä—É–∂–∞–ª–∏ –≤—Å–µ —Ñ–∏–Ω–∞–ª—å–Ω—ã–π –ø—Ä–æ–µ–∫—Ç –ø–æ –ø–∏—Ç–æ–Ω—É?"
–ù–∞ —Å–∫–æ–ª—å–∫–æ –º–Ω–µ –∏–∑–≤–µ—Å—Ç–Ω–æ - –¥–∞
"–¢–æ–≤–∞—Ä–∏—â–∏, —É –Ω–∞—Å –¥–µ–¥–ª–∞–π–Ω –ø–æ –¥–æ–º–∞—à–∫–∞–º –ø–æ –≤—Å–µ–º –¥–æ 17 –∏–ª–∏ –Ω–µ—Ç?"
:)
–ê –ø–æ—Ç–æ–º —É–∂–µ –≤—Å–µ –¥–µ–π—Å—Ç–≤–∏—è –≤ –∫–æ–¥–µ —Å –æ–±—ä–µ–∫—Ç–æ–º –Ω–∞–ø—Ä—è–º—É—é –ø—Ä–æ–∏—Å—Ö–æ–¥—è—Ç
"whisper_base_model = whisper.load_model(""base"") —É –º–µ–Ω—è –º–æ–¥–µ–ª—å –∑–∞–¥–∞–µ—Ç—Å—è –≤–Ω–∞—á–∞–ª–µ –∫–æ–¥–∞ –∫–∞–∫ –≥–ª–æ–±–∞–ª—å–Ω–∞—è –ø–µ—Ä–µ–º–µ–Ω–Ω–∞—è"
"–•–º, –∏–Ω—Ç–µ—Ä–µ—Å–Ω–æ"
"whisper = pipeline('automatic-speech-recognition', model = 'openai/whisper-medium', device = 0) –£ –º–µ–Ω—è –≤ —Ç–∞–∫–æ–º —Ñ–æ—Ä–º–∞—Ç–µ, –ø–∞—Ä–∞–º–µ—Ç—Ä language –Ω–µ —Ö–æ—á–µ—Ç –ø—Ä–∏–Ω–∏–º–∞—Ç—å –≤–æ–æ–±—â–µ –Ω–∏–∫–∞–∫. –°–ø–∞—Å–∏–±–æ, –ø–æ–ø—Ä–æ–±—É—é —Ç–≤–æ–π –≤–∞—Ä–∏–∞–Ω—Ç."
"–ü—Ä–æ –ø–∞–π–ø–ª–∞–π–Ω –Ω–µ –æ—á–µ–Ω—å –ø–æ–Ω—è–ª, –Ω–æ –ø–∞—Ä–∞–º–µ—Ç—Ä language —Å–≤–æ–µ –¥–µ–ª–æ –¥–µ–ª–∞–µ—Ç"
"whisper_base_model.transcribe(f.name, fp16=False, language='ru')"
"–†–µ–±—è—Ç, —Ç–∞–∫–æ–π –≤–æ–ø—Ä–æ—Å: –∫—Ç–æ-—Ç–æ –¥–µ–ª–∞–ª –ø–∞–π–ø–ª–∞–π–Ω –Ω–∞ –º–æ–¥–µ–ª—å —Ä–∞—Å–ø–æ–∑–Ω–∞–≤–∞–Ω–∏—è –∞—É–¥–∏–æ Whisper? –ö–∞–∫ —Ç–∞–º –≤ –ø–∞–π–ø–ª–∞–π–Ω–µ —è–∑—ã–∫ —É–∫–∞–∑—ã–≤–∞—Ç—å? –ê —Ç–æ —è —Å–¥–µ–ª–∞–ª –≤—Ä–æ–¥–µ, –∞ –æ–Ω —É –º–µ–Ω—è —Ä–∞—Å–ø–æ–∑–Ω–∞–µ—Ç –∞—É–¥–∏–æ —Å —Ä—É—Å—Å–∫–∏–º —Ä–∞–∑–≥–æ–≤–æ—Ä–æ–º, –Ω–æ —Å—Ä–∞–∑—É –∂–µ –ø–µ—Ä–µ–≤–æ–¥–∏—Ç –∏ –≤—ã–¥–∞–µ—Ç –≤ –≤–∏–¥–µ –∞–Ω–≥–ª–∏–π—Å–∫–æ–≥–æ —Ç–µ–∫—Å—Ç–∞."
–°–ø—Å
–¢–æ–∂–µ –Ω–µ –ø–ª–æ—Ö–æ) –Ω–æ –º–Ω–µ 100 –∫–º —Ä–∞–¥–∏ —ç—Ç–æ–≥–æ –Ω–µ —Ö–æ—á–µ—Ç—Å—è –µ—Ö–∞—Ç—å)üòÑ
–Ø –º–æ–∂–µ—Ç –ø–æ-—Å—Ç–∞—Ä–∏–Ω–∫–µ –ø–æ–π–¥—É —Å –±–∞–±–∫–∞–º–∏ –≤ –æ—á–µ—Ä–µ–¥–∏ —Ç–µ—Ä–µ—Ç—å—Å—è)
–¢–∞–∫ —á–µ—Ä–µ–∑ –õ–ö –Ω–∞–ª–æ–≥–æ–≤–æ–π –≤—Å–µ —ç–ª–µ–∫—Ç—Ä–æ–Ω–Ω–æ–µ –∏ –ø–æ–¥–≥—Ä—É–∂–∞–µ—Ç—Å—è
–î–∞
"–ß–µ–∫–∏ –∂–µ –º–æ–∂–Ω–æ –≤ —ç–ª–µ–∫—Ç—Ä–æ–Ω–Ω–æ–º –≤–∏–¥–µ, –µ—Å–ª–∏ —á–µ—Ä–µ–∑ –º–æ–±–∏–ª—å–Ω—ã–π –±–∞–Ω–∫–∏–Ω–≥ –ø–ª–∞—Ç–∏–ª?"
"–ú–æ–∂–Ω–æ

https://www.buhonline.ru/pub/news/2021/11/17244_obuchenie-oplacheno-za-schet-kredita-mozhno-li-poluchit-vychet-po-ndfl"
"–ê –∫—Ç–æ —Ç–æ –∑–∞–º–æ—Ä–∞—á–∏–≤–∞–ª—Å—è –∑–∞ —Å–ª–µ–¥ –¥–µ–π—Å—Ç–≤–∏—è —è –≤–∑—è–ª –∫—Ä–µ–¥–∏—Ç —É—á–µ–±–Ω—ã–π —Å—Ç–∞–≤–∫–∞ 1.2 ‚ÑÖ –≥–æ–¥–æ–≤—ã—Ö, –∏–Ω—Ç–µ—Ä–µ—Å–Ω–æ –º–æ–∂–Ω–æ –ª–∏ —Å –Ω–µ–≥–æ –≤–µ—Ä–Ω—É—Ç—å –ù–î–°?"
"–ß–µ–∫–∏ –æ–± –æ–ø–ª–∞—Ç–µ. –î–æ–≥–æ–≤–æ—Ä –Ω–∞ –æ–∫–∞–∑–∞–Ω–∏–µ —É—Å–ª—É–≥, –¥–æ–ø —Å–æ–≥–ª–∞—à–µ–Ω–∏–µ, –µ—Å–ª–∏ –∏–º–µ–µ—Ç—Å—è, –ª–∏—Ü–µ–Ω–∑–∏—è –∏–Ω—Å—Ç–∏—Ç—É—Ç–∞ –∏ –Ω–∞ nalog. ru"
"–•–∑, –º–æ–∂–µ—Ç –ø–æ–º–µ–Ω—è–ª–∏ —á—Ç–æ.
–ü–æ—Å–ª–µ–¥–Ω–∏–π —Ä–∞–∑ –≤ –∞–ø—Ä–µ–ª–µ –ø–æ–¥–∞–≤–∞–ª —á–µ—Ä–µ–∑ nalog.ru, —á–µ—Ä–µ–∑ –º–µ—Å—è—Ü –≤—ã–ø–ª–∞—Ç–∏–ª–∏."
"–Ø –≤ –Ω–æ—è–±—Ä–µ –¥–µ–ª–∞–ª–∞, —Å–Ω–∞—á–∞–ª–∞ –ø–æ–¥–∞–ª–∞ –±–µ–∑ –Ω–µ–µ, –∞ –ø–æ—Ç–æ–º –º–Ω–µ –∏–∑ –Ω–∞–ª–æ–≥–æ–≤–æ–π –ø—Ä—è–º –ø–æ–∑–≤–æ–Ω–∏–ª–∏, —Å–∫–∞–∑–∞–ª–∏, —á—Ç–æ –∏–º –µ—â–µ —Ç–∞–∫–∞—è —Å–ø—Ä–∞–≤–∫–∞ –Ω—É–∂–Ω–∞, –ø—Ä–∏—à–ª–æ—Å—å –∑–Ω–∞—Ç–Ω–æ –ø–æ–±–µ–≥–∞—Ç—å
–ù—É –±—É–¥–µ—Ç –∑–¥–æ—Ä–æ–≤–æ, –µ—Å–ª–∏ —É –≤–∞—Å –∏ –±–µ–∑ –Ω–µ–µ –ø—Ä–∏–º—É—Ç)"
"–•–∑ –Ω–∞—Å—á–µ—Ç —Å–ø—Ä–∞–≤–∫–∏ –∏–∑ –≤—É–∑–∞. –û–±—Ö–æ–¥–∏–ª—Å—è –¥–æ–≥–æ–≤–æ—Ä–æ–º, –ª–∏—Ü–µ–Ω–∑–∏–µ–π —Å —Å–∞–π—Ç–∞ –≤—É–∑–∞ –∏ —á–µ–∫–æ–º –æ–± –æ–ø–ª–∞—Ç–µ."
"—è —Å –¥—Ä—É–≥–∏–º –∑–∞–≤–µ–¥–µ–Ω–∏–µ–º —Ç–∞–∫ –¥–µ–ª–∞–ª–∞)
—Ç–∞–º –Ω–µ —Ç–æ–ª—å–∫–æ –¥–æ–≥–æ–≤–æ—Ä –Ω—É–∂–µ–Ω, –µ—â–µ —á–µ–∫–∏ –æ–± –æ–ø–ª–∞—Ç–µ, –∏ —Å–ø—Ä–∞–≤–∫–∞ –∏–∑ –≤—É–∑–∞, —á—Ç–æ –æ–Ω–∏ –¥–µ–π—Å—Ç–≤–∏—Ç–µ–ª—å–Ω–æ —ç—Ç—É —Å—É–º–º—É –æ—Ç —Ç–µ–±—è –ø–æ–ª—É—á–∏–ª–∏"
"–†–µ–±—è—Ç, –∞ –∫—Ç–æ-—Ç–æ —É–∂–µ –∑–∞–º–æ—Ä–æ—á–∏–ª—Å—è —Å –ø–æ–ª—É—á–µ–Ω–∏–µ –Ω–∞–ª–æ–≥–æ–≤–æ–≥–æ –≤—ã—á–µ—Ç–∞ –∑–∞ —É—á—ë–±—É? –ß—Ç–æ —Ç–∞–º –Ω–∞–¥–æ –≤ –Ω–∞–ª–æ–≥–æ–≤—É—é –ø—Ä–µ–¥–æ—Å—Ç–∞–≤–ª—è—Ç—å, –¥–æ–≥–æ–≤–æ—Ä —Å —É–Ω–∏–≤–µ—Ä—Å–∏—Ç–µ—Ç–æ–º?"
–ó–∞ –≤–∞—à–∏ –¥–µ–Ω—å–≥–∏ –ª—é–±–æ–π –∫–∞–ø—Ä–∏–∑ üòÅ
"–í –æ–±—â–µ–º —Ä–µ–∞–ª—å–Ω–æ —É—á–∏–º—Å—è –¥–ª—è —Å–µ–±—è, –¥–∏–ø–ª–æ–º –¥–∞–¥—É—Ç)"
